<?xml version="1.0" encoding="UTF-8"?>
<project xmlns="http://maven.apache.org/POM/4.0.0" xmlns:xsi="http://www.w3.org/2001/XMLSchema-instance" xsi:schemaLocation="http://maven.apache.org/POM/4.0.0 http://maven.apache.org/maven-v4_0_0.xsd">
  <modelVersion>4.0.0</modelVersion>
  <groupId>com.backupassit</groupId>
  <artifactId>BackupAssistTest</artifactId>
  <name>Test BackupAssist website</name>
  <version>1.0-SNAPSHOT</version>
  <description>test backup assist   website</description>
  <build>
    <plugins>
      <plugin>
        <artifactId>maven-compiler-plugin</artifactId>
        <version>2.3.2</version>
        <configuration>
          <source>1.7</source>
          <target>1.7</target>
        </configuration>
      </plugin>
      <plugin>
        <artifactId>maven-surefire-plugin</artifactId>
        <version>2.10</version>
        <configuration>
          <suiteXmlFiles>
            <suiteXmlFile>src\main\resources\TestNG.xml</suiteXmlFile>
          </suiteXmlFiles>
        </configuration>
      </plugin>
      <plugin>
        <artifactId>maven-shade-plugin</artifactId>
        <version>2.4.1</version>
        <executions>
          <execution>
            <phase>package</phase>
            <goals>
              <goal>shade</goal>
            </goals>
            <configuration>
              <transformers>
                <transformer>
                  <mainClass>com.MainTest</mainClass>
                </transformer>
              </transformers>
            </configuration>
          </execution>
        </executions>
      </plugin>
    </plugins>
  </build>
  <dependencies>
    <dependency>
      <groupId>org.testng</groupId>
      <artifactId>testng</artifactId>
      <version>6.13.1</version>
      <scope>test</scope>
      <exclusions>
        <exclusion>
          <artifactId>jcommander</artifactId>
          <groupId>com.beust</groupId>
        </exclusion>
      </exclusions>
    </dependency>
  </dependencies>
</project>

